{"mtx": [[929.5150092005647, 0.0, 473.49649164078926], [0.0, 931.1476767123683, 350.7931165879404], [0.0, 0.0, 1.0]], "dist": [[0.05254891097654645, -0.35155816481781077, -0.0012411261896604327, -0.0002905008098660955, 0.9730987497382744]]}