{"mtx": [[647.3004664821012, 0.0, 335.14306044759405], [0.0, 645.0546327943658, 235.91797308531974], [0.0, 0.0, 1.0]], "dist": [[0.14585709568194502, -0.45831251722803307, -0.004695817968577142, 0.0054085569824166325, 0.3760281995518947]]}

